{
  "project_info": {
    "project_number": "1086851937692",
    "firebase_url": "https://authenticationapppratham.firebaseio.com",
    "project_id": "authenticationapppratham",
    "storage_bucket": "authenticationapppratham.appspot.com"
  },
  "client": [
    {
      "client_info": {
        "mobilesdk_app_id": "1:1086851937692:android:d021ead370644897dc8459",
        "android_client_info": {
          "package_name": "com.example.authenticationapp"
        }
      },
      "oauth_client": [
        {
          "client_id": "1086851937692-fnfnof4pjhlg5iepn1210kiojb40gb88.apps.googleusercontent.com",
          "client_type": 3
        }
      ],
      "api_key": [
        {
          "current_key": "AIzaSyCQbLoO5oB_FLmHuK1j6Lyoyjn5D_05sdg"
        }
      ],
      "services": {
        "appinvite_service": {
          "other_platform_oauth_client": [
            {
              "client_id": "1086851937692-fnfnof4pjhlg5iepn1210kiojb40gb88.apps.googleusercontent.com",
              "client_type": 3
            }
          ]
        }
      }
    }
  ],
  "configuration_version": "1"
}